{
	"credit": "Made with Blockbench",
	"texture_size": [32, 32],
	"textures": {
		"1": "./buckler",
		"particle": "./buckler"
	},
	"elements": [
		{
			"from": [4, 16, 11],
			"to": [12, 17, 12],
			"faces": {
				"north": {"uv": [8.5, 1, 12.5, 1.5], "texture": "#1"},
				"east": {"uv": [6.5, 9, 7, 9.5], "texture": "#1"},
				"south": {"uv": [8.5, 1.5, 12.5, 2], "texture": "#1"},
				"west": {"uv": [7, 9, 7.5, 9.5], "texture": "#1"},
				"up": {"uv": [12.5, 2.5, 8.5, 2], "texture": "#1"},
				"down": {"uv": [0, 0, 0, 0], "texture": "#1"}
			}
		},
		{
			"from": [13, 7, 11],
			"to": [14, 15, 12],
			"faces": {
				"north": {"uv": [8.5, 2.5, 9, 6.5], "texture": "#1"},
				"east": {"uv": [8.5, 6.5, 9, 10.5], "texture": "#1"},
				"south": {"uv": [9, 2.5, 9.5, 6.5], "texture": "#1"},
				"west": {"uv": [0, 0, 0, 0], "texture": "#1"},
				"up": {"uv": [8, 9.5, 7.5, 9], "texture": "#1"},
				"down": {"uv": [9.5, 8, 9, 8.5], "texture": "#1"}
			}
		},
		{
			"from": [2, 7, 11],
			"to": [3, 15, 12],
			"faces": {
				"north": {"uv": [5, 9, 5.5, 13], "texture": "#1"},
				"east": {"uv": [0, 0, 0, 0], "texture": "#1"},
				"south": {"uv": [5.5, 9, 6, 13], "texture": "#1"},
				"west": {"uv": [6, 9, 6.5, 13], "texture": "#1"},
				"up": {"uv": [9.5, 9, 9, 8.5], "texture": "#1"},
				"down": {"uv": [9.5, 9, 9, 9.5], "texture": "#1"}
			}
		},
		{
			"from": [4, 5, 11],
			"to": [12, 6, 12],
			"faces": {
				"north": {"uv": [9, 6.5, 13, 7], "texture": "#1"},
				"east": {"uv": [9.5, 2.5, 10, 3], "texture": "#1"},
				"south": {"uv": [9, 7, 13, 7.5], "texture": "#1"},
				"west": {"uv": [9.5, 3, 10, 3.5], "texture": "#1"},
				"up": {"uv": [0, 0, 0, 0], "texture": "#1"},
				"down": {"uv": [13, 7.5, 9, 8], "texture": "#1"}
			}
		},
		{
			"name": "Cube",
			"from": [7, 8, 5],
			"to": [9, 14, 11],
			"faces": {
				"north": {"uv": [5, 6, 6, 9], "texture": "#1"},
				"east": {"uv": [5, 0, 8, 3], "texture": "#1"},
				"south": {"uv": [0, 0, 0, 0], "texture": "#1"},
				"west": {"uv": [5, 3, 8, 6], "texture": "#1"},
				"up": {"uv": [7, 9, 6, 6], "texture": "#1"},
				"down": {"uv": [8, 6, 7, 9], "texture": "#1"}
			}
		},
		{
			"name": "Cube",
			"from": [3, 6, 11],
			"to": [13, 16, 12],
			"faces": {
				"north": {"uv": [0, 0, 5, 5], "texture": "#1"},
				"east": {"uv": [8, 0, 8.5, 5], "texture": "#1"},
				"south": {"uv": [0, 5, 5, 10], "texture": "#1"},
				"west": {"uv": [8, 5, 8.5, 10], "texture": "#1"},
				"up": {"uv": [13.5, 0.5, 8.5, 0], "texture": "#1"},
				"down": {"uv": [13.5, 0.5, 8.5, 1], "texture": "#1"}
			}
		}
	],
	"gui_light": "front",
	"display": {
		"thirdperson_righthand": {
			"rotation": [0, 90, 0],
			"translation": [0, -5, 4]
		},
		"thirdperson_lefthand": {
			"rotation": [0, 90, 0],
			"translation": [0, -5, 4]
		},
		"firstperson_righthand": {
			"rotation": [0, 180, 5],
			"translation": [-1, -12, 2],
			"scale": [1.25, 1.25, 1.25]
		},
		"firstperson_lefthand": {
			"rotation": [0, 180, 5],
			"translation": [-1, -12, 2],
			"scale": [1.25, 1.25, 1.25]
		},
		"ground": {
			"translation": [0, 4, 0],
			"scale": [0.25, 0.25, 0.25]
		},
		"gui": {
			"rotation": [15, -25, -5],
			"translation": [0, -1, 0],
			"scale": [0.65, 0.65, 0.65]
		},
		"fixed": {
			"rotation": [0, 180, 0],
			"translation": [0, -2.5, 1.75],
			"scale": [0.8, 0.8, 0.8]
		}
	},
	"groups": [
		{
			"name": "group",
			"origin": [0, 0, 0],
			"color": 0,
			"children": [0, 1, 2, 3, 4, 5]
		}
	]
}