{
	"credit": "Made with Blockbench",
	"parent": "golden",
	"textures": {
		"0": "./golden_pulling_2",
		"particle": "./golden_pulling_2"
	},
	"elements": [
		{
			"name": "golden_pulling_2_0",
			"from": [14, 0, 0],
			"to": [16, 1, 1],
			"faces": {
				"north": {"uv": [16, 0, 14, 1], "texture": "#0"},
				"east": {"uv": [15, 0, 16, 1], "rotation": 90, "texture": "#0"},
				"south": {"uv": [14, 0, 16, 1], "texture": "#0"},
				"west": {"uv": [14, 0, 15, 1], "rotation": 270, "texture": "#0"},
				"up": {"uv": [14, 0, 16, 1], "texture": "#0"},
				"down": {"uv": [14, 1, 16, 0], "texture": "#0"}
			}
		},
		{
			"name": "golden_pulling_2_1",
			"from": [8, 0, 1],
			"to": [13, 1, 3],
			"faces": {
				"north": {"uv": [13, 1, 8, 2], "texture": "#0"},
				"east": {"uv": [12, 1, 13, 3], "rotation": 90, "texture": "#0"},
				"south": {"uv": [8, 2, 13, 3], "texture": "#0"},
				"west": {"uv": [8, 1, 9, 3], "rotation": 270, "texture": "#0"},
				"up": {"uv": [8, 1, 13, 3], "texture": "#0"},
				"down": {"uv": [8, 3, 13, 1], "texture": "#0"}
			}
		},
		{
			"name": "golden_pulling_2_2",
			"from": [15, 0, 1],
			"to": [16, 1, 3],
			"faces": {
				"north": {"uv": [16, 1, 15, 2], "texture": "#0"},
				"east": {"uv": [15, 1, 16, 3], "rotation": 90, "texture": "#0"},
				"south": {"uv": [15, 2, 16, 3], "texture": "#0"},
				"west": {"uv": [15, 1, 16, 3], "rotation": 270, "texture": "#0"},
				"up": {"uv": [15, 1, 16, 3], "texture": "#0"},
				"down": {"uv": [15, 3, 16, 1], "texture": "#0"}
			}
		},
		{
			"name": "golden_pulling_2_3",
			"from": [2, 0, 2],
			"to": [7, 1, 7],
			"faces": {
				"north": {"uv": [7, 2, 2, 3], "texture": "#0"},
				"east": {"uv": [6, 2, 7, 7], "rotation": 90, "texture": "#0"},
				"south": {"uv": [2, 6, 7, 7], "texture": "#0"},
				"west": {"uv": [2, 2, 3, 7], "rotation": 270, "texture": "#0"},
				"up": {"uv": [2, 2, 7, 7], "texture": "#0"},
				"down": {"uv": [2, 7, 7, 2], "texture": "#0"}
			}
		},
		{
			"name": "golden_pulling_2_4",
			"from": [7, 0, 2],
			"to": [8, 1, 5],
			"faces": {
				"north": {"uv": [8, 2, 7, 3], "texture": "#0"},
				"east": {"uv": [7, 2, 8, 5], "rotation": 90, "texture": "#0"},
				"south": {"uv": [7, 4, 8, 5], "texture": "#0"},
				"west": {"uv": [7, 2, 8, 5], "rotation": 270, "texture": "#0"},
				"up": {"uv": [7, 2, 8, 5], "texture": "#0"},
				"down": {"uv": [7, 5, 8, 2], "texture": "#0"}
			}
		},
		{
			"name": "golden_pulling_2_5",
			"from": [13, 0, 2],
			"to": [15, 1, 3],
			"faces": {
				"north": {"uv": [15, 2, 13, 3], "texture": "#0"},
				"east": {"uv": [14, 2, 15, 3], "rotation": 90, "texture": "#0"},
				"south": {"uv": [13, 2, 15, 3], "texture": "#0"},
				"west": {"uv": [13, 2, 14, 3], "rotation": 270, "texture": "#0"},
				"up": {"uv": [13, 2, 15, 3], "texture": "#0"},
				"down": {"uv": [13, 3, 15, 2], "texture": "#0"}
			}
		},
		{
			"name": "golden_pulling_2_6",
			"from": [8, 0, 3],
			"to": [9, 1, 4],
			"faces": {
				"north": {"uv": [9, 3, 8, 4], "texture": "#0"},
				"east": {"uv": [8, 3, 9, 4], "rotation": 90, "texture": "#0"},
				"south": {"uv": [8, 3, 9, 4], "texture": "#0"},
				"west": {"uv": [8, 3, 9, 4], "rotation": 270, "texture": "#0"},
				"up": {"uv": [8, 3, 9, 4], "texture": "#0"},
				"down": {"uv": [8, 4, 9, 3], "texture": "#0"}
			}
		},
		{
			"name": "golden_pulling_2_7",
			"from": [12, 0, 3],
			"to": [14, 1, 4],
			"faces": {
				"north": {"uv": [14, 3, 12, 4], "texture": "#0"},
				"east": {"uv": [13, 3, 14, 4], "rotation": 90, "texture": "#0"},
				"south": {"uv": [12, 3, 14, 4], "texture": "#0"},
				"west": {"uv": [12, 3, 13, 4], "rotation": 270, "texture": "#0"},
				"up": {"uv": [12, 3, 14, 4], "texture": "#0"},
				"down": {"uv": [12, 4, 14, 3], "texture": "#0"}
			}
		},
		{
			"name": "golden_pulling_2_8",
			"from": [13, 0, 4],
			"to": [14, 1, 8],
			"faces": {
				"north": {"uv": [14, 4, 13, 5], "texture": "#0"},
				"east": {"uv": [13, 4, 14, 8], "rotation": 90, "texture": "#0"},
				"south": {"uv": [13, 7, 14, 8], "texture": "#0"},
				"west": {"uv": [13, 4, 14, 8], "rotation": 270, "texture": "#0"},
				"up": {"uv": [13, 4, 14, 8], "texture": "#0"},
				"down": {"uv": [13, 8, 14, 4], "texture": "#0"}
			}
		},
		{
			"name": "golden_pulling_2_9",
			"from": [14, 0, 5],
			"to": [15, 1, 13],
			"faces": {
				"north": {"uv": [15, 5, 14, 6], "texture": "#0"},
				"east": {"uv": [14, 5, 15, 13], "rotation": 90, "texture": "#0"},
				"south": {"uv": [14, 12, 15, 13], "texture": "#0"},
				"west": {"uv": [14, 5, 15, 13], "rotation": 270, "texture": "#0"},
				"up": {"uv": [14, 5, 15, 13], "texture": "#0"},
				"down": {"uv": [14, 13, 15, 5], "texture": "#0"}
			}
		},
		{
			"name": "golden_pulling_2_10",
			"from": [7, 0, 6],
			"to": [8, 1, 9],
			"faces": {
				"north": {"uv": [8, 6, 7, 7], "texture": "#0"},
				"east": {"uv": [7, 6, 8, 9], "rotation": 90, "texture": "#0"},
				"south": {"uv": [7, 8, 8, 9], "texture": "#0"},
				"west": {"uv": [7, 6, 8, 9], "rotation": 270, "texture": "#0"},
				"up": {"uv": [7, 6, 8, 9], "texture": "#0"},
				"down": {"uv": [7, 9, 8, 6], "texture": "#0"}
			}
		},
		{
			"name": "golden_pulling_2_11",
			"from": [2, 0, 7],
			"to": [4, 1, 9],
			"faces": {
				"north": {"uv": [4, 7, 2, 8], "texture": "#0"},
				"east": {"uv": [3, 7, 4, 9], "rotation": 90, "texture": "#0"},
				"south": {"uv": [2, 8, 4, 9], "texture": "#0"},
				"west": {"uv": [2, 7, 3, 9], "rotation": 270, "texture": "#0"},
				"up": {"uv": [2, 7, 4, 9], "texture": "#0"},
				"down": {"uv": [2, 9, 4, 7], "texture": "#0"}
			}
		},
		{
			"name": "golden_pulling_2_12",
			"from": [4, 0, 7],
			"to": [5, 1, 8],
			"faces": {
				"north": {"uv": [5, 7, 4, 8], "texture": "#0"},
				"east": {"uv": [4, 7, 5, 8], "rotation": 90, "texture": "#0"},
				"south": {"uv": [4, 7, 5, 8], "texture": "#0"},
				"west": {"uv": [4, 7, 5, 8], "rotation": 270, "texture": "#0"},
				"up": {"uv": [4, 7, 5, 8], "texture": "#0"},
				"down": {"uv": [4, 8, 5, 7], "texture": "#0"}
			}
		},
		{
			"name": "golden_pulling_2_13",
			"from": [6, 0, 7],
			"to": [7, 1, 8],
			"faces": {
				"north": {"uv": [7, 7, 6, 8], "texture": "#0"},
				"east": {"uv": [6, 7, 7, 8], "rotation": 90, "texture": "#0"},
				"south": {"uv": [6, 7, 7, 8], "texture": "#0"},
				"west": {"uv": [6, 7, 7, 8], "rotation": 270, "texture": "#0"},
				"up": {"uv": [6, 7, 7, 8], "texture": "#0"},
				"down": {"uv": [6, 8, 7, 7], "texture": "#0"}
			}
		},
		{
			"name": "golden_pulling_2_14",
			"from": [8, 0, 7],
			"to": [9, 1, 10],
			"faces": {
				"north": {"uv": [9, 7, 8, 8], "texture": "#0"},
				"east": {"uv": [8, 7, 9, 10], "rotation": 90, "texture": "#0"},
				"south": {"uv": [8, 9, 9, 10], "texture": "#0"},
				"west": {"uv": [8, 7, 9, 10], "rotation": 270, "texture": "#0"},
				"up": {"uv": [8, 7, 9, 10], "texture": "#0"},
				"down": {"uv": [8, 10, 9, 7], "texture": "#0"}
			}
		},
		{
			"name": "golden_pulling_2_15",
			"from": [1, 0, 8],
			"to": [2, 1, 13],
			"faces": {
				"north": {"uv": [2, 8, 1, 9], "texture": "#0"},
				"east": {"uv": [1, 8, 2, 13], "rotation": 90, "texture": "#0"},
				"south": {"uv": [1, 12, 2, 13], "texture": "#0"},
				"west": {"uv": [1, 8, 2, 13], "rotation": 270, "texture": "#0"},
				"up": {"uv": [1, 8, 2, 13], "texture": "#0"},
				"down": {"uv": [1, 13, 2, 8], "texture": "#0"}
			}
		},
		{
			"name": "golden_pulling_2_16",
			"from": [9, 0, 8],
			"to": [10, 1, 11],
			"faces": {
				"north": {"uv": [10, 8, 9, 9], "texture": "#0"},
				"east": {"uv": [9, 8, 10, 11], "rotation": 90, "texture": "#0"},
				"south": {"uv": [9, 10, 10, 11], "texture": "#0"},
				"west": {"uv": [9, 8, 10, 11], "rotation": 270, "texture": "#0"},
				"up": {"uv": [9, 8, 10, 11], "texture": "#0"},
				"down": {"uv": [9, 11, 10, 8], "texture": "#0"}
			}
		},
		{
			"name": "golden_pulling_2_17",
			"from": [2, 0, 9],
			"to": [3, 1, 16],
			"faces": {
				"north": {"uv": [3, 9, 2, 10], "texture": "#0"},
				"east": {"uv": [2, 9, 3, 16], "rotation": 90, "texture": "#0"},
				"south": {"uv": [2, 15, 3, 16], "texture": "#0"},
				"west": {"uv": [2, 9, 3, 16], "rotation": 270, "texture": "#0"},
				"up": {"uv": [2, 9, 3, 16], "texture": "#0"},
				"down": {"uv": [2, 16, 3, 9], "texture": "#0"}
			}
		},
		{
			"name": "golden_pulling_2_18",
			"from": [10, 0, 9],
			"to": [11, 1, 12],
			"faces": {
				"north": {"uv": [11, 9, 10, 10], "texture": "#0"},
				"east": {"uv": [10, 9, 11, 12], "rotation": 90, "texture": "#0"},
				"south": {"uv": [10, 11, 11, 12], "texture": "#0"},
				"west": {"uv": [10, 9, 11, 12], "rotation": 270, "texture": "#0"},
				"up": {"uv": [10, 9, 11, 12], "texture": "#0"},
				"down": {"uv": [10, 12, 11, 9], "texture": "#0"}
			}
		},
		{
			"name": "golden_pulling_2_19",
			"from": [11, 0, 10],
			"to": [12, 1, 15],
			"faces": {
				"north": {"uv": [12, 10, 11, 11], "texture": "#0"},
				"east": {"uv": [11, 10, 12, 15], "rotation": 90, "texture": "#0"},
				"south": {"uv": [11, 14, 12, 15], "texture": "#0"},
				"west": {"uv": [11, 10, 12, 15], "rotation": 270, "texture": "#0"},
				"up": {"uv": [11, 10, 12, 15], "texture": "#0"},
				"down": {"uv": [11, 15, 12, 10], "texture": "#0"}
			}
		},
		{
			"name": "golden_pulling_2_20",
			"from": [12, 0, 11],
			"to": [14, 1, 14],
			"faces": {
				"north": {"uv": [14, 11, 12, 12], "texture": "#0"},
				"east": {"uv": [13, 11, 14, 14], "rotation": 90, "texture": "#0"},
				"south": {"uv": [12, 13, 14, 14], "texture": "#0"},
				"west": {"uv": [12, 11, 13, 14], "rotation": 270, "texture": "#0"},
				"up": {"uv": [12, 11, 14, 14], "texture": "#0"},
				"down": {"uv": [12, 14, 14, 11], "texture": "#0"}
			}
		},
		{
			"name": "golden_pulling_2_21",
			"from": [3, 0, 12],
			"to": [4, 1, 14],
			"faces": {
				"north": {"uv": [4, 12, 3, 13], "texture": "#0"},
				"east": {"uv": [3, 12, 4, 14], "rotation": 90, "texture": "#0"},
				"south": {"uv": [3, 13, 4, 14], "texture": "#0"},
				"west": {"uv": [3, 12, 4, 14], "rotation": 270, "texture": "#0"},
				"up": {"uv": [3, 12, 4, 14], "texture": "#0"},
				"down": {"uv": [3, 14, 4, 12], "texture": "#0"}
			}
		},
		{
			"name": "golden_pulling_2_22",
			"from": [4, 0, 13],
			"to": [8, 1, 14],
			"faces": {
				"north": {"uv": [8, 13, 4, 14], "texture": "#0"},
				"east": {"uv": [7, 13, 8, 14], "rotation": 90, "texture": "#0"},
				"south": {"uv": [4, 13, 8, 14], "texture": "#0"},
				"west": {"uv": [4, 13, 5, 14], "rotation": 270, "texture": "#0"},
				"up": {"uv": [4, 13, 8, 14], "texture": "#0"},
				"down": {"uv": [4, 14, 8, 13], "texture": "#0"}
			}
		},
		{
			"name": "golden_pulling_2_23",
			"from": [0, 0, 14],
			"to": [1, 1, 16],
			"faces": {
				"north": {"uv": [1, 14, 0, 15], "texture": "#0"},
				"east": {"uv": [0, 14, 1, 16], "rotation": 90, "texture": "#0"},
				"south": {"uv": [0, 15, 1, 16], "texture": "#0"},
				"west": {"uv": [0, 14, 1, 16], "rotation": 270, "texture": "#0"},
				"up": {"uv": [0, 14, 1, 16], "texture": "#0"},
				"down": {"uv": [0, 16, 1, 14], "texture": "#0"}
			}
		},
		{
			"name": "golden_pulling_2_24",
			"from": [5, 0, 14],
			"to": [11, 1, 15],
			"faces": {
				"north": {"uv": [11, 14, 5, 15], "texture": "#0"},
				"east": {"uv": [10, 14, 11, 15], "rotation": 90, "texture": "#0"},
				"south": {"uv": [5, 14, 11, 15], "texture": "#0"},
				"west": {"uv": [5, 14, 6, 15], "rotation": 270, "texture": "#0"},
				"up": {"uv": [5, 14, 11, 15], "texture": "#0"},
				"down": {"uv": [5, 15, 11, 14], "texture": "#0"}
			}
		},
		{
			"name": "golden_pulling_2_25",
			"from": [12, 0, 14],
			"to": [13, 1, 15],
			"faces": {
				"north": {"uv": [13, 14, 12, 15], "texture": "#0"},
				"east": {"uv": [12, 14, 13, 15], "rotation": 90, "texture": "#0"},
				"south": {"uv": [12, 14, 13, 15], "texture": "#0"},
				"west": {"uv": [12, 14, 13, 15], "rotation": 270, "texture": "#0"},
				"up": {"uv": [12, 14, 13, 15], "texture": "#0"},
				"down": {"uv": [12, 15, 13, 14], "texture": "#0"}
			}
		},
		{
			"name": "golden_pulling_2_26",
			"from": [1, 0, 15],
			"to": [2, 1, 16],
			"faces": {
				"north": {"uv": [2, 15, 1, 16], "texture": "#0"},
				"east": {"uv": [1, 15, 2, 16], "rotation": 90, "texture": "#0"},
				"south": {"uv": [1, 15, 2, 16], "texture": "#0"},
				"west": {"uv": [1, 15, 2, 16], "rotation": 270, "texture": "#0"},
				"up": {"uv": [1, 15, 2, 16], "texture": "#0"},
				"down": {"uv": [1, 16, 2, 15], "texture": "#0"}
			}
		}
	],
	"gui_light": "front",
	"display": {
		"thirdperson_righthand": {
			"rotation": [50, -8, 102],
			"translation": [-7.5, -0.25, 2.75],
			"scale": [1.1, 0.9, 1.1]
		},
		"thirdperson_lefthand": {
			"rotation": [50, -10, -80],
			"translation": [5.5, 0, 6],
			"scale": [1.1, 0.9, 1.1]
		},
		"firstperson_righthand": {
			"rotation": [63, -7, 90],
			"translation": [-1.75, 5, -1.5],
			"scale": [0.9, 0.9, 0.9]
		},
		"firstperson_lefthand": {
			"rotation": [63, -13.5, -84],
			"translation": [12, 3, -0.25],
			"scale": [0.9, 0.9, 0.9]
		},
		"ground": {
			"rotation": [90, 15, 0],
			"translation": [0, -0.5, 0],
			"scale": [0.5, 0.5, 0.5]
		},
		"gui": {
			"rotation": [90, 0, 0]
		},
		"head": {
			"rotation": [90, 90, 0],
			"translation": [-0.75, -12.75, 12.5]
		},
		"fixed": {
			"rotation": [90, 0, -180],
			"translation": [0, 0, -7.5]
		}
	},
	"groups": [
		{
			"name": "golden_pulling_2",
			"origin": [8, 8, 8],
			"color": 0,
			"children": [0, 1, 2, 3, 4, 5, 6, 7, 8, 9, 10, 11, 12, 13, 14, 15, 16, 17, 18, 19, 20, 21, 22, 23, 24, 25, 26]
		}
	]
}