{
	"credit": "Made with Blockbench",
	"textures": {
		"0": "./iron_katana",
		"particle": "./iron_katana"
	},
	"elements": [
		{
			"name": "iron_katana_0",
			"from": [13, 0, 1],
			"to": [15, 1, 3],
			"faces": {
				"north": {"uv": [15, 1, 13, 2], "texture": "#0"},
				"east": {"uv": [14, 1, 15, 3], "rotation": 90, "texture": "#0"},
				"south": {"uv": [13, 2, 15, 3], "texture": "#0"},
				"west": {"uv": [13, 1, 14, 3], "rotation": 270, "texture": "#0"},
				"up": {"uv": [13, 1, 15, 3], "texture": "#0"},
				"down": {"uv": [13, 3, 15, 1], "texture": "#0"}
			}
		},
		{
			"name": "iron_katana_1",
			"from": [15, 0, 1],
			"to": [16, 1, 2],
			"faces": {
				"north": {"uv": [16, 1, 15, 2], "texture": "#0"},
				"east": {"uv": [15, 1, 16, 2], "rotation": 90, "texture": "#0"},
				"south": {"uv": [15, 1, 16, 2], "texture": "#0"},
				"west": {"uv": [15, 1, 16, 2], "rotation": 270, "texture": "#0"},
				"up": {"uv": [15, 1, 16, 2], "texture": "#0"},
				"down": {"uv": [15, 2, 16, 1], "texture": "#0"}
			}
		},
		{
			"name": "iron_katana_2",
			"from": [12, 0, 2],
			"to": [13, 1, 5],
			"faces": {
				"north": {"uv": [13, 2, 12, 3], "texture": "#0"},
				"east": {"uv": [12, 2, 13, 5], "rotation": 90, "texture": "#0"},
				"south": {"uv": [12, 4, 13, 5], "texture": "#0"},
				"west": {"uv": [12, 2, 13, 5], "rotation": 270, "texture": "#0"},
				"up": {"uv": [12, 2, 13, 5], "texture": "#0"},
				"down": {"uv": [12, 5, 13, 2], "texture": "#0"}
			}
		},
		{
			"name": "iron_katana_3",
			"from": [11, 0, 3],
			"to": [12, 1, 6],
			"faces": {
				"north": {"uv": [12, 3, 11, 4], "texture": "#0"},
				"east": {"uv": [11, 3, 12, 6], "rotation": 90, "texture": "#0"},
				"south": {"uv": [11, 5, 12, 6], "texture": "#0"},
				"west": {"uv": [11, 3, 12, 6], "rotation": 270, "texture": "#0"},
				"up": {"uv": [11, 3, 12, 6], "texture": "#0"},
				"down": {"uv": [11, 6, 12, 3], "texture": "#0"}
			}
		},
		{
			"name": "iron_katana_4",
			"from": [13, 0, 3],
			"to": [14, 1, 4],
			"faces": {
				"north": {"uv": [14, 3, 13, 4], "texture": "#0"},
				"east": {"uv": [13, 3, 14, 4], "rotation": 90, "texture": "#0"},
				"south": {"uv": [13, 3, 14, 4], "texture": "#0"},
				"west": {"uv": [13, 3, 14, 4], "rotation": 270, "texture": "#0"},
				"up": {"uv": [13, 3, 14, 4], "texture": "#0"},
				"down": {"uv": [13, 4, 14, 3], "texture": "#0"}
			}
		},
		{
			"name": "iron_katana_5",
			"from": [10, 0, 4],
			"to": [11, 1, 7],
			"faces": {
				"north": {"uv": [11, 4, 10, 5], "texture": "#0"},
				"east": {"uv": [10, 4, 11, 7], "rotation": 90, "texture": "#0"},
				"south": {"uv": [10, 6, 11, 7], "texture": "#0"},
				"west": {"uv": [10, 4, 11, 7], "rotation": 270, "texture": "#0"},
				"up": {"uv": [10, 4, 11, 7], "texture": "#0"},
				"down": {"uv": [10, 7, 11, 4], "texture": "#0"}
			}
		},
		{
			"name": "iron_katana_6",
			"from": [9, 0, 5],
			"to": [10, 1, 8],
			"faces": {
				"north": {"uv": [10, 5, 9, 6], "texture": "#0"},
				"east": {"uv": [9, 5, 10, 8], "rotation": 90, "texture": "#0"},
				"south": {"uv": [9, 7, 10, 8], "texture": "#0"},
				"west": {"uv": [9, 5, 10, 8], "rotation": 270, "texture": "#0"},
				"up": {"uv": [9, 5, 10, 8], "texture": "#0"},
				"down": {"uv": [9, 8, 10, 5], "texture": "#0"}
			}
		},
		{
			"name": "iron_katana_7",
			"from": [8, 0, 6],
			"to": [9, 1, 9],
			"faces": {
				"north": {"uv": [9, 6, 8, 7], "texture": "#0"},
				"east": {"uv": [8, 6, 9, 9], "rotation": 90, "texture": "#0"},
				"south": {"uv": [8, 8, 9, 9], "texture": "#0"},
				"west": {"uv": [8, 6, 9, 9], "rotation": 270, "texture": "#0"},
				"up": {"uv": [8, 6, 9, 9], "texture": "#0"},
				"down": {"uv": [8, 9, 9, 6], "texture": "#0"}
			}
		},
		{
			"name": "iron_katana_8",
			"from": [7, 0, 7],
			"to": [8, 1, 10],
			"faces": {
				"north": {"uv": [8, 7, 7, 8], "texture": "#0"},
				"east": {"uv": [7, 7, 8, 10], "rotation": 90, "texture": "#0"},
				"south": {"uv": [7, 9, 8, 10], "texture": "#0"},
				"west": {"uv": [7, 7, 8, 10], "rotation": 270, "texture": "#0"},
				"up": {"uv": [7, 7, 8, 10], "texture": "#0"},
				"down": {"uv": [7, 10, 8, 7], "texture": "#0"}
			}
		},
		{
			"name": "iron_katana_9",
			"from": [6, 0, 8],
			"to": [7, 1, 11],
			"faces": {
				"north": {"uv": [7, 8, 6, 9], "texture": "#0"},
				"east": {"uv": [6, 8, 7, 11], "rotation": 90, "texture": "#0"},
				"south": {"uv": [6, 10, 7, 11], "texture": "#0"},
				"west": {"uv": [6, 8, 7, 11], "rotation": 270, "texture": "#0"},
				"up": {"uv": [6, 8, 7, 11], "texture": "#0"},
				"down": {"uv": [6, 11, 7, 8], "texture": "#0"}
			}
		},
		{
			"name": "iron_katana_10",
			"from": [5, 0, 9],
			"to": [6, 1, 13],
			"faces": {
				"north": {"uv": [6, 9, 5, 10], "texture": "#0"},
				"east": {"uv": [5, 9, 6, 13], "rotation": 90, "texture": "#0"},
				"south": {"uv": [5, 12, 6, 13], "texture": "#0"},
				"west": {"uv": [5, 9, 6, 13], "rotation": 270, "texture": "#0"},
				"up": {"uv": [5, 9, 6, 13], "texture": "#0"},
				"down": {"uv": [5, 13, 6, 9], "texture": "#0"}
			}
		},
		{
			"name": "iron_katana_11",
			"from": [3, 0, 10],
			"to": [5, 1, 13],
			"faces": {
				"north": {"uv": [5, 10, 3, 11], "texture": "#0"},
				"east": {"uv": [4, 10, 5, 13], "rotation": 90, "texture": "#0"},
				"south": {"uv": [3, 12, 5, 13], "texture": "#0"},
				"west": {"uv": [3, 10, 4, 13], "rotation": 270, "texture": "#0"},
				"up": {"uv": [3, 10, 5, 13], "texture": "#0"},
				"down": {"uv": [3, 13, 5, 10], "texture": "#0"}
			}
		},
		{
			"name": "iron_katana_12",
			"from": [2, 0, 12],
			"to": [3, 1, 15],
			"faces": {
				"north": {"uv": [3, 12, 2, 13], "texture": "#0"},
				"east": {"uv": [2, 12, 3, 15], "rotation": 90, "texture": "#0"},
				"south": {"uv": [2, 14, 3, 15], "texture": "#0"},
				"west": {"uv": [2, 12, 3, 15], "rotation": 270, "texture": "#0"},
				"up": {"uv": [2, 12, 3, 15], "texture": "#0"},
				"down": {"uv": [2, 15, 3, 12], "texture": "#0"}
			}
		},
		{
			"name": "iron_katana_13",
			"from": [1, 0, 13],
			"to": [2, 1, 16],
			"faces": {
				"north": {"uv": [2, 13, 1, 14], "texture": "#0"},
				"east": {"uv": [1, 13, 2, 16], "rotation": 90, "texture": "#0"},
				"south": {"uv": [1, 15, 2, 16], "texture": "#0"},
				"west": {"uv": [1, 13, 2, 16], "rotation": 270, "texture": "#0"},
				"up": {"uv": [1, 13, 2, 16], "texture": "#0"},
				"down": {"uv": [1, 16, 2, 13], "texture": "#0"}
			}
		},
		{
			"name": "iron_katana_14",
			"from": [3, 0, 13],
			"to": [4, 1, 14],
			"faces": {
				"north": {"uv": [4, 13, 3, 14], "texture": "#0"},
				"east": {"uv": [3, 13, 4, 14], "rotation": 90, "texture": "#0"},
				"south": {"uv": [3, 13, 4, 14], "texture": "#0"},
				"west": {"uv": [3, 13, 4, 14], "rotation": 270, "texture": "#0"},
				"up": {"uv": [3, 13, 4, 14], "texture": "#0"},
				"down": {"uv": [3, 14, 4, 13], "texture": "#0"}
			}
		},
		{
			"name": "iron_katana_15",
			"from": [0, 0, 14],
			"to": [1, 1, 16],
			"faces": {
				"north": {"uv": [1, 14, 0, 15], "texture": "#0"},
				"east": {"uv": [0, 14, 1, 16], "rotation": 90, "texture": "#0"},
				"south": {"uv": [0, 15, 1, 16], "texture": "#0"},
				"west": {"uv": [0, 14, 1, 16], "rotation": 270, "texture": "#0"},
				"up": {"uv": [0, 14, 1, 16], "texture": "#0"},
				"down": {"uv": [0, 16, 1, 14], "texture": "#0"}
			}
		}
	],
	"gui_light": "front",
	"display": {
		"thirdperson_righthand": {
			"rotation": [35, 0, 90],
			"translation": [-6.75, 5.5, 0.25],
			"scale": [0.9, 0.9, 0.9]
		},
		"thirdperson_lefthand": {
			"rotation": [-145, -180, 90],
			"translation": [6.75, 5.5, 0.25],
			"scale": [0.9, 0.9, 0.9]
		},
		"firstperson_righthand": {
			"rotation": [55, -7, 90],
			"translation": [-1.75, 5.75, -1.5]
		},
		"firstperson_lefthand": {
			"rotation": [43, -22, -89],
			"translation": [13, 3.5, -0.25]
		},
		"ground": {
			"rotation": [90, 15, 0],
			"translation": [0, 0.5, 0],
			"scale": [0.5, 0.5, 0.5]
		},
		"gui": {
			"rotation": [90, 0, 0]
		},
		"head": {
			"rotation": [90, -180, 0],
			"translation": [0, -15, 14],
			"scale": [1.25, 1.25, 1.25]
		},
		"fixed": {
			"rotation": [90, 0, -180],
			"translation": [0, 0, -7.75]
		}
	},
	"groups": [
		{
			"name": "iron_katana",
			"origin": [8, 8, 8],
			"color": 0,
			"children": [0, 1, 2, 3, 4, 5, 6, 7, 8, 9, 10, 11, 12, 13, 14, 15]
		}
	]
}